id,first_name,last_name,email,gender,ip_address
1,Tomlin,Jenkinson,tjenkinson0@tamu.edu,Male,82.162.82.143
2,Jethro,Mellows,jmellows1@technorati.com,Male,170.36.94.68
3,Garold,Balassa,gbalassa2@mapquest.com,Male,5.238.54.115
4,Natalina,Zum Felde,nzumfelde3@over-blog.com,Female,169.30.41.164
5,Farley,Phalip,fphalip4@angelfire.com,Male,163.237.241.179
6,Dode,Handrek,dhandrek5@soundcloud.com,Bigender,125.67.218.71
7,Norrie,Ambrosio,nambrosio6@techcrunch.com,Male,91.147.3.137
8,Blaine,Stollmeyer,bstollmeyer7@noaa.gov,Male,152.89.220.130
9,Barbara,Shattock,bshattock8@illinois.edu,Polygender,50.254.189.176
10,Thatcher,Crighten,tcrighten9@cdbaby.com,Male,33.103.132.57
11,Elna,Sangwin,esangwina@merriam-webster.com,Female,82.56.41.136
12,Levy,Nobes,lnobesb@elegantthemes.com,Polygender,105.167.25.137
13,Lorettalorna,Tomkowicz,ltomkowiczc@exblog.jp,Female,23.255.180.0
14,Rustie,Geraudel,rgeraudeld@europa.eu,Male,8.209.115.67
15,Raphael,Domerq,rdomerqe@gmpg.org,Male,149.161.74.37
16,Vinny,Pankhurst.,vpankhurstf@free.fr,Female,21.153.112.103
17,Elinore,Baudain,ebaudaing@noaa.gov,Polygender,20.16.50.8
18,Glenn,Burtenshaw,gburtenshawh@marriott.com,Non-binary,62.23.142.241
19,Wilona,McAree,wmcareei@foxnews.com,Female,172.131.98.236
20,Reese,Gallimore,rgallimorej@unesco.org,Male,149.14.107.126
21,Marcille,Barkway,mbarkwayk@wikispaces.com,Female,175.20.148.31
22,Ted,Jeffcoate,tjeffcoatel@merriam-webster.com,Genderqueer,90.145.158.237
23,Amity,Trow,atrowm@vk.com,Agender,106.171.173.208
24,Brennan,Gonthard,bgonthardn@angelfire.com,Male,96.189.98.190
25,Chelsie,Snailham,csnailhamo@imdb.com,Female,136.97.56.94
26,Jose,Grunwall,jgrunwallp@studiopress.com,Male,138.193.195.169
27,Eula,Duddan,eduddanq@wired.com,Female,171.158.8.115
28,Marena,Grierson,mgriersonr@unicef.org,Female,128.232.64.168
29,Odelia,Colson,ocolsons@123-reg.co.uk,Female,153.158.159.52
30,Sigmund,Challenor,schallenort@tmall.com,Non-binary,138.60.253.217
31,Carling,Pardew,cpardewu@soup.io,Male,60.171.121.133
32,Elbertine,Hawkett,ehawkettv@techcrunch.com,Female,106.0.254.76
33,Christine,May,cmayw@netvibes.com,Female,115.108.61.53
34,Markus,Buller,mbullerx@bloomberg.com,Male,153.102.163.107
35,Timmi,Batters,tbattersy@addthis.com,Female,35.87.219.187
36,Franciska,Spollen,fspollenz@vinaora.com,Female,208.216.139.159
37,Fields,Mowlam,fmowlam10@wordpress.org,Male,160.180.167.141
38,Pietrek,Hurcombe,phurcombe11@discovery.com,Male,156.14.116.137
39,Lyn,Albon,lalbon12@sourceforge.net,Female,179.109.88.108
40,Velvet,Lohmeyer,vlohmeyer13@mashable.com,Female,155.184.15.214
41,Kaia,Walas,kwalas14@bandcamp.com,Female,49.115.76.222
42,Bunni,Woolham,bwoolham15@sina.com.cn,Female,206.201.2.207
43,Kerk,Hartridge,khartridge16@ibm.com,Male,227.1.232.127
44,Winifred,Denisyuk,wdenisyuk17@jugem.jp,Female,131.114.30.244
45,Steffie,Markovich,smarkovich18@altervista.org,Female,170.116.237.6
46,Jesus,Ainsley,jainsley19@google.co.jp,Male,66.19.210.33
47,Tuckie,Ashling,tashling1a@dailymail.co.uk,Male,1.11.230.204
48,Tabbatha,Angeli,tangeli1b@creativecommons.org,Female,37.231.19.75
49,Casey,Crate,ccrate1c@chron.com,Male,121.35.124.254
50,Sophi,Brokenshaw,sbrokenshaw1d@uiuc.edu,Female,227.102.203.28
51,Beilul,Burdess,bburdess1e@yahoo.com,Female,90.176.111.21
52,Valentijn,Iacofo,viacofo1f@feedburner.com,Male,168.181.50.60
53,Quillan,Pray,qpray1g@mapquest.com,Male,180.43.136.45
54,Klemens,Alastair,kalastair1h@icq.com,Male,63.90.157.56
55,Jonie,Care,jcare1i@canalblog.com,Female,142.102.251.67
56,Elisa,Thaine,ethaine1j@csmonitor.com,Female,67.246.156.93
57,Ford,Lawles,flawles1k@acquirethisname.com,Non-binary,14.249.114.19
58,Tilly,Sanney,tsanney1l@people.com.cn,Female,106.28.199.73
59,Boone,Barth,bbarth1m@trellian.com,Male,64.21.103.197
60,Emlynn,Biddlecombe,ebiddlecombe1n@samsung.com,Female,214.218.75.94
61,Gloriane,Easdon,geasdon1o@oracle.com,Female,54.243.79.5
62,Camey,Giorgietto,cgiorgietto1p@lycos.com,Male,111.21.82.23
63,Tomaso,Livingstone,tlivingstone1q@networksolutions.com,Male,153.225.250.248
64,Wilhelmine,Barock,wbarock1r@va.gov,Female,64.114.91.15
65,Duncan,Dik,ddik1s@booking.com,Male,185.208.243.47
66,Haroun,Petric,hpetric1t@a8.net,Male,145.8.143.179
67,Brantley,Asey,basey1u@examiner.com,Male,192.211.147.168
68,Priscella,Guymer,pguymer1v@ed.gov,Female,148.163.192.62
69,Miof mela,Glyn,mglyn1w@japanpost.jp,Female,14.169.98.157
70,Rainer,Harland,rharland1x@dyndns.org,Male,21.243.193.174
71,Conchita,Bogeys,cbogeys1y@washingtonpost.com,Female,59.47.40.145
72,Isaac,Laycock,ilaycock1z@hud.gov,Male,114.5.206.23
73,Ludvig,Owthwaite,lowthwaite20@ca.gov,Male,99.248.191.75
74,Eda,McGifford,emcgifford21@wunderground.com,Female,245.206.154.247
75,Tish,Maccrie,tmaccrie22@google.de,Female,157.63.203.49
76,Carlo,Blankhorn,cblankhorn23@plala.or.jp,Male,91.181.225.44
77,Raimondo,Iglesia,riglesia24@multiply.com,Male,192.63.176.90
78,Murry,Awton,mawton25@t.co,Male,34.58.91.8
79,Man,Bartolic,mbartolic26@dot.gov,Male,81.55.36.88
80,Giulio,Gregoratti,ggregoratti27@angelfire.com,Non-binary,133.87.182.132
81,Robyn,Primak,rprimak28@smugmug.com,Female,141.88.167.34
82,Adriaens,Dunton,adunton29@ovh.net,Female,221.173.115.247
83,Simone,Dovidaitis,sdovidaitis2a@yahoo.co.jp,Female,117.87.204.50
84,Beau,Schowenburg,bschowenburg2b@guardian.co.uk,Male,49.42.33.233
85,Vonny,Caisley,vcaisley2c@instagram.com,Female,214.186.151.165
86,Cathee,Lampert,clampert2d@freewebs.com,Female,209.39.110.190
87,Cesya,Wyleman,cwyleman2e@ycombinator.com,Female,217.141.153.21
88,Zedekiah,McRoberts,zmcroberts2f@illinois.edu,Male,252.105.229.71
89,Hattie,Dessant,hdessant2g@gov.uk,Female,57.232.35.164
90,Aldo,Bavester,abavester2h@sina.com.cn,Male,211.55.189.113
91,Kristoffer,Gennerich,kgennerich2i@behance.net,Male,230.109.189.138
92,Abbe,Whiley,awhiley2j@opensource.org,Male,89.62.224.69
93,Sawyere,Greensall,sgreensall2k@economist.com,Male,53.235.141.40
94,Cchaddie,Blunkett,cblunkett2l@weebly.com,Non-binary,46.70.151.158
95,Kingsly,Breed,kbreed2m@upenn.edu,Male,181.63.14.47
96,Mace,Seater,mseater2n@fastcompany.com,Male,4.36.246.144
97,Dougy,McElwee,dmcelwee2o@go.com,Male,15.222.77.111
98,Ki,Armes,karmes2p@mysql.com,Female,204.17.1.152
99,Berkie,Oyley,boyley2q@purevolume.com,Male,185.6.203.115
100,Roana,Greensides,rgreensides2r@shutterfly.com,Female,181.129.214.178
101,Osmund,Stanyer,ostanyer2s@pinterest.com,Male,123.128.237.242
102,Jennette,MacCrackan,jmaccrackan2t@cisco.com,Female,183.53.237.48
103,Osbourn,Spragge,ospragge2u@cbc.ca,Male,81.75.244.204
104,Clerc,Bartalin,cbartalin2v@tumblr.com,Male,63.69.130.48
105,Alyssa,Mallia,amallia2w@telegraph.co.uk,Female,198.44.219.115
106,Gwendolyn,Connelly,gconnelly2x@google.co.uk,Female,115.206.10.163
107,Hilton,Pollastro,hpollastro2y@ehow.com,Male,56.215.56.213
108,Pauletta,Gander,pgander2z@wix.com,Female,17.70.68.79
109,Randal,Graeser,rgraeser30@prnewswire.com,Male,99.4.73.74
110,Tilda,Culpan,tculpan31@omniture.com,Female,77.197.125.26
111,Chevalier,Mullin,cmullin32@ox.ac.uk,Male,158.43.116.11
112,Zitella,Worters,zworters33@google.com.br,Female,184.15.244.101
113,Benjamen,Spence,bspence34@cyberchimps.com,Male,25.60.162.79
114,Howie,Waddam,hwaddam35@cisco.com,Male,45.79.206.253
115,Ilsa,Rowntree,irowntree36@stumbleupon.com,Female,219.83.40.49
116,Bertine,Berends,bberends37@so-net.ne.jp,Female,39.182.26.119
117,Manny,Wareham,mwareham38@spotify.com,Male,78.41.69.10
118,Gannon,Guion,gguion39@vk.com,Male,218.93.67.190
119,Netti,Lowry,nlowry3a@webs.com,Female,161.122.13.15
120,Leonhard,Spencelayh,lspencelayh3b@cmu.edu,Male,203.83.66.90
121,Claudetta,Baszkiewicz,cbaszkiewicz3c@parallels.com,Female,91.135.73.96
122,Vin,Steinhammer,vsteinhammer3d@cisco.com,Male,246.97.56.235
123,Tam,Mont,tmont3e@admin.ch,Male,48.205.75.58
124,Amalia,Winders,awinders3f@weebly.com,Female,148.127.39.69
125,Camey,Kybird,ckybird3g@hugedomains.com,Male,249.150.31.67
126,Tamarra,Throssell,tthrossell3h@imgur.com,Female,124.199.171.142
127,Jaquelin,Zecchetti,jzecchetti3i@studiopress.com,Female,92.137.150.43
128,Colene,Foresight,cforesight3j@goo.ne.jp,Bigender,38.68.138.141
129,Iggy,Taggerty,itaggerty3k@noaa.gov,Male,13.45.198.114
130,Lisbeth,Feeley,lfeeley3l@princeton.edu,Female,55.215.124.236
131,Ephraim,Orred,eorred3m@biblegateway.com,Male,144.111.145.224
132,Dorolisa,Roberto,droberto3n@nymag.com,Female,49.82.140.163
133,Miran,Tottle,mtottle3o@blogger.com,Female,128.247.138.145
134,Darcie,Eliasson,deliasson3p@sfgate.com,Female,213.71.231.205
135,Inger,Copeman,icopeman3q@reverbnation.com,Female,100.211.139.149
136,Gerard,Taunton.,gtaunton3r@gizmodo.com,Male,162.31.60.77
137,Doro,Lavens,dlavens3s@networkadvertising.org,Female,233.194.200.134
138,Fleming,Hudleston,fhudleston3t@qq.com,Male,118.47.219.153
139,Dallon,Kaine,dkaine3u@mapy.cz,Male,22.171.94.209
140,Pierrette,Sparks,psparks3v@addtoany.com,Female,54.6.222.107
141,Britney,Greenman,bgreenman3w@hatena.ne.jp,Female,175.30.31.122
142,Randall,Scamaden,rscamaden3x@technorati.com,Male,2.16.190.205
143,Katrina,Zorzin,kzorzin3y@cisco.com,Female,128.137.75.91
144,Vail,Marcombe,vmarcombe3z@unicef.org,Male,0.94.61.235
145,Hermy,Matyasik,hmatyasik40@rediff.com,Male,170.29.25.125
146,Genna,Inold,ginold41@weebly.com,Female,153.62.81.137
147,Margaretta,Erley,merley42@businessweek.com,Female,63.28.143.219
148,Sylvester,Honsch,shonsch43@sfgate.com,Genderfluid,3.177.202.98
149,Sybyl,Lant,slant44@fotki.com,Female,198.195.237.13
150,Colene,Haskell,chaskell45@noaa.gov,Female,197.66.142.250
151,Anjela,Morkham,amorkham46@abc.net.au,Female,197.73.127.133
152,Timothea,Erley,terley47@abc.net.au,Female,2.73.129.111
153,Darrelle,Wenderoth,dwenderoth48@tumblr.com,Female,222.52.165.184
154,Modesty,Allaway,mallaway49@wired.com,Female,73.30.196.52
155,Rowen,Lammertz,rlammertz4a@reddit.com,Male,3.109.109.129
156,Modesty,Allaway,mallaway4b@t.co,Female,53.33.36.80
157,Erminia,Comello,ecomello4c@sciencedirect.com,Female,129.27.228.242
158,Seumas,Brunotti,sbrunotti4d@youtube.com,Male,245.168.33.61
159,Emelina,Ivantyev,eivantyev4e@acquirethisname.com,Female,148.243.179.147
160,Raphaela,Dendon,rdendon4f@clickbank.net,Female,253.250.162.168
161,Shepard,Woolf,swoolf4g@digg.com,Male,183.196.116.229
162,Harman,Scally,hscally4h@about.com,Male,42.156.203.81
163,Sterne,Chaffin,schaffin4i@issuu.com,Male,198.235.147.230
164,Burtie,Barttrum,bbarttrum4j@typepad.com,Male,204.120.30.74
165,Caddric,Govan,cgovan4k@utexas.edu,Male,4.90.100.81
166,Trevar,Manion,tmanion4l@nbcnews.com,Male,116.114.56.13
167,Jamaal,Ygoe,jygoe4m@hibu.com,Male,93.150.238.187
168,Eveline,Romagnosi,eromagnosi4n@myspace.com,Genderqueer,217.115.97.13
169,Jaynell,Tregian,jtregian4o@rakuten.co.jp,Genderfluid,192.158.189.222
170,Rafaela,Battye,rbattye4p@seesaa.net,Female,136.55.202.16
171,Egan,Eadon,eeadon4q@wordpress.org,Male,159.78.254.57
172,Killie,Gudgin,kgudgin4r@reddit.com,Male,132.127.11.183
173,Dorris,Arthy,darthy4s@1688.com,Female,138.237.176.142
174,Markus,Selbach,mselbach4t@photobucket.com,Male,202.255.123.179
175,Babara,Spears,bspears4u@mashable.com,Female,9.70.205.140
176,Maude,Stepto,mstepto4v@godaddy.com,Female,209.0.67.54
177,Carleton,Turpin,cturpin4w@patch.com,Male,147.109.79.115
178,Daphne,Menere,dmenere4x@yahoo.com,Genderfluid,141.7.74.138
179,Zachery,Edgerly,zedgerly4y@dell.com,Male,169.48.255.144
180,Daveen,Glendzer,dglendzer4z@skype.com,Female,175.84.225.131
181,Horace,Elton,helton50@mayoclinic.com,Male,235.32.245.152
182,Saraann,Wordsley,swordsley51@buzzfeed.com,Female,196.235.22.234
183,Pansy,Bargh,pbargh52@house.gov,Female,58.76.176.54
184,Jammal,Kidman,jkidman53@exblog.jp,Male,236.99.92.185
185,Elise,Buxcey,ebuxcey54@cdc.gov,Female,197.126.48.110
186,Evin,Bindin,ebindin55@histats.com,Bigender,23.92.166.121
187,Garrott,Allred,gallred56@omniture.com,Male,27.62.59.58
188,Erwin,Culter,eculter57@gnu.org,Male,62.163.14.63
189,Adaline,Riglar,ariglar58@cbslocal.com,Non-binary,81.172.24.255
190,Trude,Purry,tpurry59@tumblr.com,Female,214.218.10.156
191,Yancy,McCarle,ymccarle5a@ezinearticles.com,Bigender,27.34.129.145
192,Merl,Hubbock,mhubbock5b@furl.net,Female,206.172.49.255
193,Gerhardt,Tiler,gtiler5c@ibm.com,Male,1.123.132.20
194,Keen,Gilluley,kgilluley5d@redcross.org,Male,175.63.129.218
195,Alaine,Durgan,adurgan5e@google.com.hk,Female,45.253.31.78
196,Guinna,Gianni,ggianni5f@icq.com,Female,206.224.28.92
197,Hewitt,McCambrois,hmccambrois5g@xrea.com,Male,154.32.141.86
198,Cara,Aleshkov,caleshkov5h@epa.gov,Female,210.66.138.26
199,Arlina,Duckit,aduckit5i@tamu.edu,Female,141.84.86.199
200,Jedidiah,Crowcum,jcrowcum5j@bloglovin.com,Bigender,20.158.90.66
201,Clay,Tarbett,ctarbett5k@google.ca,Male,7.39.45.23
202,Gustave,Reuble,greuble5l@java.com,Male,97.56.99.217
203,Derrick,Ricardot,dricardot5m@spiegel.de,Male,158.89.24.223
204,Rayner,Etoile,retoile5n@oaic.gov.au,Male,87.94.134.144
205,Howie,Drew-Clifton,hdrewclifton5o@cdc.gov,Male,65.180.209.236
206,Faber,Wenham,fwenham5p@seesaa.net,Male,253.183.104.34
207,Raynard,Gingles,rgingles5q@cpanel.net,Male,230.204.177.161
208,Anthony,Pearce,apearce5r@histats.com,Male,11.229.122.43
209,Eamon,Burnside,eburnside5s@sfgate.com,Male,19.48.47.157
210,Zach,Tawse,ztawse5t@si.edu,Male,91.65.2.1
211,Beryle,Figgen,bfiggen5u@fda.gov,Female,125.140.139.223
212,Bern,Alwood,balwood5v@51.la,Male,244.251.63.184
213,Binnie,Calven,bcalven5w@meetup.com,Female,52.27.40.101
214,Trace,Duckett,tduckett5x@wikipedia.org,Male,136.148.240.96
215,Martelle,Covey,mcovey5y@goo.gl,Genderqueer,131.3.7.111
216,Bradney,Trace,btrace5z@smugmug.com,Genderfluid,98.229.11.88
217,Vivie,Clampton,vclampton60@cam.ac.uk,Female,68.16.75.230
218,Claudie,Asipenko,casipenko61@com.com,Female,178.119.143.50
219,Aile,Ioselevich,aioselevich62@purevolume.com,Female,236.97.42.51
220,Diane-marie,Sealy,dsealy63@pcworld.com,Female,36.198.11.205
221,Zahara,Renyard,zrenyard64@yahoo.co.jp,Agender,181.183.168.164
222,Micheal,Gosselin,mgosselin65@foxnews.com,Male,242.75.17.47
223,Sophey,Paolazzi,spaolazzi66@amazonaws.com,Female,111.143.96.157
224,Channa,Blowick,cblowick67@mayoclinic.com,Female,78.81.128.192
226,Wildon,Daviddi,wdaviddi69@youku.com,Male,135.89.21.100
227,Bernette,Sillwood,bsillwood6a@taobao.com,Female,98.25.178.206
228,Eve,Berling,eberling6b@mysql.com,Female,90.16.206.169
229,Genni,Devine,gdevine6c@sohu.com,Female,209.114.152.184
230,Rowney,Enterlein,renterlein6d@ted.com,Male,129.168.40.68
231,Miranda,McFie,mmcfie6e@samsung.com,Female,15.41.225.129
232,Silvan,Danford,sdanford6f@google.ca,Male,217.200.196.178
233,Antin,Sherrin,asherrin6g@blogtalkradio.com,Polygender,141.130.232.23
234,Reina,Lowres,rlowres6h@globo.com,Female,249.116.98.16
235,Valida,Khalid,vkhalid6i@xinhuanet.com,Female,38.4.165.125
236,Charmane,Rosenstengel,crosenstengel6j@va.gov,Female,47.238.201.201
237,Robinett,Cakebread,rcakebread6k@cloudflare.com,Female,85.7.90.254
238,Wyndham,Clarycott,wclarycott6l@ustream.tv,Male,242.184.124.83
239,Carlita,Radwell,cradwell6m@php.net,Female,175.66.227.80
240,Marybeth,Taggart,mtaggart6n@usda.gov,Female,187.3.232.198
241,Lindi,Fretwell,lfretwell6o@indiegogo.com,Female,143.109.235.2
242,Reginauld,Crockett,rcrockett6p@imageshack.us,Male,255.51.44.254
243,Pauly,Roggers,proggers6q@wsj.com,Male,66.240.164.119
244,Bernarr,Merriott,bmerriott6r@over-blog.com,Male,95.215.139.32
245,Chuck,Surgener,csurgener6s@admin.ch,Male,27.162.176.67
246,Sacha,Solomon,ssolomon6t@nba.com,Female,50.218.172.12
247,Ailina,Dunks,adunks6u@drupal.org,Female,98.30.170.177
248,Lorrie,Billings,lbillings6v@w3.org,Female,35.128.88.8
249,Ali,Hyrons,ahyrons6w@virginia.edu,Female,167.195.239.119
250,Dom,Delgado,ddelgado6x@oaic.gov.au,Male,122.140.47.213
251,Ben,Zanetello,bzanetello6y@google.co.uk,Male,208.141.73.51
252,Fan,Seint,fseint6z@imageshack.us,Female,107.102.79.94
253,Louella,Serotsky,lserotsky70@google.nl,Female,154.4.222.226
254,Clare,Adhams,cadhams71@apache.org,Male,148.178.2.136
255,Patrice,Strettell,pstrettell72@scribd.com,Female,51.245.164.221
256,Vinita,Searle,vsearle73@cisco.com,Bigender,195.30.157.15
257,Emmaline,Jayme,ejayme74@cbslocal.com,Female,100.143.100.84
258,Pablo,Beel,pbeel75@smugmug.com,Male,92.186.251.75
259,Minetta,Lithcow,mlithcow76@goo.ne.jp,Female,13.23.216.173
260,Filberte,Bilam,fbilam77@hibu.com,Non-binary,192.24.215.79
261,Madlin,Hutcheson,mhutcheson78@gizmodo.com,Agender,11.201.253.149
262,Dayle,Benmore,dbenmore79@unblog.fr,Female,149.205.24.242
263,Nollie,Epton,nepton7a@netlog.com,Female,86.15.186.219
264,Garner,Baxill,gbaxill7b@mozilla.com,Genderfluid,62.11.65.141
265,Marthe,Ingleson,mingleson7c@pbs.org,Female,191.68.97.124
266,Jethro,Dolling,jdolling7d@qq.com,Male,115.139.110.19
267,Carly,Dossit,cdossit7e@tumblr.com,Male,44.234.28.82
268,Garrett,Laroze,glaroze7f@nymag.com,Male,199.116.105.232
269,Kimberly,MacPake,kmacpake7g@geocities.jp,Female,199.52.162.190
270,Irwin,Bawle,ibawle7h@thetimes.co.uk,Male,71.85.165.4
271,Dorisa,McPhilip,dmcphilip7i@seattletimes.com,Female,66.78.213.241
272,Brenn,Leward,bleward7j@cnbc.com,Female,195.45.180.152
273,Howie,Sapsforde,hsapsforde7k@photobucket.com,Male,206.120.236.6
274,Steven,Linkie,slinkie7l@reference.com,Male,166.67.107.94
275,Hardy,Davidzon,hdavidzon7m@unblog.fr,Male,92.155.41.240
276,Meghann,Perez,mperez7n@wikipedia.org,Female,172.153.80.239
277,Jules,Cunnah,jcunnah7o@va.gov,Male,197.194.144.123
278,Laureen,Gledstane,lgledstane7p@mapquest.com,Female,13.43.122.161
279,Piotr,Briddock,pbriddock7q@hubpages.com,Male,130.200.246.229
280,Shena,Benoey,sbenoey7r@arstechnica.com,Female,66.151.170.18
281,Mel,Aynold,maynold7s@discovery.com,Female,0.123.231.148
282,Albert,Dimelow,adimelow7t@columbia.edu,Male,224.251.238.22
283,Keary,Parks,kparks7u@amazon.de,Male,255.250.201.91
284,Lise,Lyes,llyes7v@1und1.de,Female,136.200.184.188
285,Fifine,Boggon,fboggon7w@angelfire.com,Female,45.158.96.247
286,Bernadine,Shall,bshall7x@simplemachines.org,Female,234.0.250.79
287,Paulie,Peplow,ppeplow7y@dagondesign.com,Non-binary,68.11.175.96
288,Margi,Carmont,mcarmont7z@homestead.com,Female,236.189.202.110
289,Elinore,Swalwell,eswalwell80@hubpages.com,Female,41.194.30.224
290,Kelby,Byrth,kbyrth81@samsung.com,Male,93.21.255.233
291,Norrie,Elsbury,nelsbury82@bluehost.com,Male,40.88.159.190
292,Vladamir,Edsell,vedsell83@pen.io,Male,52.233.223.39
293,Benoit,Haseman,bhaseman84@clickbank.net,Male,193.113.113.74
294,Anthony,Risso,arisso85@blogs.com,Male,115.202.185.92
295,Jule,Yakushkev,jyakushkev86@apache.org,Male,121.156.157.189
296,Albie,Arrighetti,aarrighetti87@instagram.com,Male,113.104.219.38
297,Reece,Gait,rgait88@tinypic.com,Male,47.201.177.50
298,Nataline,Harburtson,nharburtson89@wikimedia.org,Female,120.203.89.201
299,Theodore,Bourton,tbourton8a@fc2.com,Male,229.155.128.117
300,Symon,Pentercost,spentercost8b@hhs.gov,Male,14.2.33.46
301,Sancho,Bohlsen,sbohlsen8c@xrea.com,Male,133.61.3.60
302,Riannon,Gozzard,rgozzard8d@reverbnation.com,Polygender,75.152.131.181
303,Claire,Keary,ckeary8e@miibeian.gov.cn,Male,71.38.83.79
304,Lexi,Turner,lturner8f@bandcamp.com,Female,165.187.45.130
305,Angelita,Kither,akither8g@smugmug.com,Female,97.80.115.38
306,Tristam,Gildersleaves,tgildersleaves8h@photobucket.com,Male,251.47.243.95
307,Mab,Dome,mdome8i@gnu.org,Female,148.30.107.184
308,Pepi,Barter,pbarter8j@miitbeian.gov.cn,Female,226.9.102.21
309,Brenda,Box,bbox8k@ask.com,Genderqueer,22.123.178.9
310,Yvette,Brewse,ybrewse8l@usda.gov,Non-binary,148.182.233.238
311,Friederike,Palley,fpalley8m@ucoz.com,Female,26.103.118.98
312,Terrence,Carlyle,tcarlyle8n@seesaa.net,Male,71.4.55.148
313,Charmine,Rhymer,crhymer8o@ow.ly,Female,95.234.233.199
314,Rurik,Wellbelove,rwellbelove8p@freewebs.com,Male,26.121.189.240
315,Dee dee,Caldera,dcaldera8q@cpanel.net,Female,65.13.62.35
316,Pru,Lukovic,plukovic8r@jimdo.com,Female,184.226.101.162
317,Joni,Keggins,jkeggins8s@google.nl,Female,84.230.250.239
318,Jamill,Polotti,jpolotti8t@opera.com,Male,235.211.183.243
319,Cathleen,Mengo,cmengo8u@sfgate.com,Female,5.172.100.208
320,Maxie,McAnalley,mmcanalley8v@yale.edu,Male,226.253.242.254
321,Ottilie,Drissell,odrissell8w@nps.gov,Female,208.243.229.120
322,Sly,Simes,ssimes8x@trellian.com,Male,251.211.102.17
323,Karoly,Feronet,kferonet8y@netvibes.com,Polygender,166.172.217.155
324,Dayle,Mannooch,dmannooch8z@jigsy.com,Female,219.214.105.63
325,Ellyn,Rea,erea90@boston.com,Female,121.241.96.103
326,Ely,Christophe,echristophe91@sun.com,Male,18.222.47.40
327,Jillene,Sparkwell,jsparkwell92@dailymail.co.uk,Female,121.231.94.72
328,Lesly,Laffin,llaffin93@ezinearticles.com,Female,58.82.45.61
329,Moises,Bohlsen,mbohlsen94@sfgate.com,Male,163.79.238.85
330,Judye,Messier,jmessier95@over-blog.com,Female,126.88.242.240
331,Yoshiko,Dawber,ydawber96@who.int,Female,56.223.131.151
332,Prescott,Mickelwright,pmickelwright97@nps.gov,Male,218.94.31.249
333,Pincus,Peak,ppeak98@prlog.org,Male,43.20.150.143
334,Winna,Ruthen,wruthen99@wp.com,Female,206.31.250.137
335,Graehme,Greed,ggreed9a@amazonaws.com,Male,100.192.139.8
336,Paulette,Innwood,pinnwood9b@stanford.edu,Female,168.161.80.206
337,Rab,Truswell,rtruswell9c@spotify.com,Male,139.30.50.154
338,Willa,Harkness,wharkness9d@foxnews.com,Female,136.89.12.75
339,Viki,Kale,vkale9e@bizjournals.com,Polygender,218.203.164.201
340,Everett,Orpin,eorpin9f@wordpress.org,Male,88.7.231.18
341,Boone,Galiford,bgaliford9g@mit.edu,Male,69.222.232.145
342,Dallon,Pervoe,dpervoe9h@usatoday.com,Male,108.165.77.9
343,Pasquale,Lampett,plampett9i@blogtalkradio.com,Male,106.216.39.112
344,Ware,Tallowin,wtallowin9j@csmonitor.com,Agender,143.82.5.242
345,Trevor,Sails,tsails9k@ycombinator.com,Male,29.82.109.63
346,Rhiamon,McGrey,rmcgrey9l@wikia.com,Female,199.214.248.178
347,Grier,Ourtic,gourtic9m@edublogs.org,Female,58.40.123.26
348,Mallorie,Halle,mhalle9n@devhub.com,Female,189.106.142.144
349,Julian,Ducarne,jducarne9o@elpais.com,Male,123.239.92.101
350,Maryanna,Bowes,mbowes9p@tripadvisor.com,Female,179.243.191.116
351,Elfreda,Tompkinson,etompkinson9q@instagram.com,Female,249.73.120.40
352,Dimitri,Dutnall,ddutnall9r@posterous.com,Male,104.202.0.23
353,Lenee,Trevon,ltrevon9s@apache.org,Female,89.150.75.233
354,Jessica,Hattigan,jhattigan9t@china.com.cn,Female,115.25.210.146
355,Jerrold,Dalgarno,jdalgarno9u@tmall.com,Male,41.174.149.143
356,Wood,Pfertner,wpfertner9v@gov.uk,Polygender,109.186.251.89
357,Haydon,Brompton,hbrompton9w@smugmug.com,Male,153.3.82.71
358,Irv,Quogan,iquogan9x@prlog.org,Male,165.98.252.166
359,Filide,Andreix,fandreix9y@wsj.com,Genderqueer,86.131.162.65
360,Maddy,Collings,mcollings9z@economist.com,Female,100.235.213.245
361,Edita,Rivitt,erivitta0@mac.com,Female,88.9.100.43
362,Tully,Bygreaves,tbygreavesa1@so-net.ne.jp,Male,104.147.13.128
363,Alexandre,Leavold,aleavolda2@artisteer.com,Male,29.50.160.29
364,Burty,Dorie,bdoriea3@state.gov,Genderqueer,239.68.60.86
365,Lorant,Bebbington,lbebbingtona4@alexa.com,Male,7.21.62.245
366,Eustace,Sonier,esoniera5@dagondesign.com,Male,109.232.232.244
367,Joscelin,Glader,jgladera6@ft.com,Female,234.197.40.171
368,Tynan,Rewan,trewana7@drupal.org,Male,15.218.56.42
369,Bastien,Clowney,bclowneya8@digg.com,Genderqueer,3.181.71.52
370,Muffin,Aubray,maubraya9@ucoz.ru,Male,194.211.228.89
371,Alfonso,Fairpo,afairpoaa@skyrock.com,Male,139.31.140.113
372,Harrietta,Ceeley,hceeleyab@cnn.com,Female,19.22.88.245
373,Mufi,Galvan,mgalvanac@bluehost.com,Female,184.118.91.65
374,Baillie,Gerrell,bgerrellad@epa.gov,Male,183.117.238.16
375,Stuart,Preto,spretoae@army.mil,Male,5.61.34.133
376,Milena,Burry,mburryaf@hhs.gov,Female,115.135.17.191
377,Tish,Duffield,tduffieldag@ebay.com,Female,225.194.247.217
378,Pearl,Jugging,pjuggingah@yolasite.com,Female,118.254.243.42
379,Lorain,Woolston,lwoolstonai@goo.gl,Non-binary,196.188.178.0
380,Davine,Quarry,dquarryaj@freewebs.com,Female,221.26.250.109
381,Reed,Spennock,rspennockak@blinklist.com,Male,225.240.158.119
382,Gonzales,Yurkov,gyurkoval@wisc.edu,Male,211.159.10.4
383,Lulu,Brophy,lbrophyam@paginegialle.it,Female,138.35.214.116
384,Pinchas,MacFall,pmacfallan@fema.gov,Male,251.210.163.15
385,Kippie,Hrus,khrusao@dyndns.org,Male,94.203.226.17
386,Baudoin,Vanyatin,bvanyatinap@friendfeed.com,Male,145.51.203.90
387,Gwenore,Kynton,gkyntonaq@time.com,Female,226.26.151.72
388,Ashleigh,Parnham,aparnhamar@zimbio.com,Female,16.143.129.17
389,Vera,Mattiussi,vmattiussias@illinois.edu,Female,143.115.242.223
390,Letta,Doughty,ldoughtyat@oracle.com,Female,128.101.59.84
391,Brien,Wolfart,bwolfartau@cocolog-nifty.com,Bigender,10.188.163.111
392,Emmi,Houtbie,ehoutbieav@paginegialle.it,Female,195.35.38.235
393,Tabor,Biaggelli,tbiaggelliaw@dropbox.com,Male,206.43.119.106
394,Willie,Sebyer,wsebyerax@ovh.net,Male,56.154.24.223
395,Noe,Duerden,nduerdenay@abc.net.au,Male,226.110.177.105
396,Aubry,Blyde,ablydeaz@youtube.com,Female,113.81.13.193
397,Reinald,Lyddiatt,rlyddiattb0@walmart.com,Male,31.218.168.46
398,Dermot,Curteis,dcurteisb1@yellowpages.com,Male,116.234.27.78
399,Thorny,Ronchka,tronchkab2@buzzfeed.com,Male,83.60.217.156
400,Omero,Ties,otiesb3@latimes.com,Male,81.96.70.4
401,Gabie,Janouch,gjanouchb4@macromedia.com,Female,177.52.208.88
402,Lowell,Gorch,lgorchb5@ucoz.ru,Polygender,115.57.107.225
403,Town,Kimmerling,tkimmerlingb6@shop-pro.jp,Male,45.239.190.189
404,Gamaliel,Kondratovich,gkondratovichb7@nba.com,Male,246.214.161.136
405,Roslyn,Stuckow,rstuckowb8@foxnews.com,Female,9.103.242.191
406,Theresina,Larrad,tlarradb9@bandcamp.com,Female,236.147.131.95
407,Leo,Coda,lcodaba@si.edu,Male,71.79.56.68
408,Jehu,Chattell,jchattellbb@independent.co.uk,Male,63.39.190.234
409,Adolpho,Varvell,avarvellbc@about.me,Male,224.255.235.38
411,Barris,Phillpotts,bphillpottsbe@state.gov,Male,118.246.93.15
412,Fowler,Espy,fespybf@scribd.com,Male,182.173.163.137
413,Eachelle,Troughton,etroughtonbg@youtu.be,Female,243.35.87.28
414,Cathi,Lent,clentbh@jugem.jp,Female,57.237.32.32
415,Hadrian,Scoggin,hscogginbi@pagesperso-orange.fr,Male,56.190.1.0
416,Joyann,Wherrett,jwherrettbj@prnewswire.com,Female,137.17.125.222
417,Samara,Siggee,ssiggeebk@about.com,Female,196.130.123.120
418,Darleen,Baldinotti,dbaldinottibl@gmpg.org,Female,246.13.63.19
419,Paddie,Grimble,pgrimblebm@blogger.com,Polygender,206.172.16.160
420,Angeli,Carden,acardenbn@who.int,Male,204.64.124.80
421,Pren,Pauncefort,ppauncefortbo@networkadvertising.org,Genderqueer,14.4.176.197
422,Michell,De Michetti,mdemichettibp@goodreads.com,Female,221.28.242.16
423,Mano,Gotthard.sf,mgotthardsfbq@fc2.com,Male,29.105.229.59
424,Darlleen,Scraggs,dscraggsbr@nasa.gov,Female,28.117.33.59
425,Othilie,Speir,ospeirbs@linkedin.com,Female,192.212.35.250
427,Winnie,Kenen,wkenenbu@bigcartel.com,Male,107.135.107.176
428,Gwenora,Levecque,glevecquebv@thetimes.co.uk,Female,84.10.151.174
429,Bjorn,Ketchell,bketchellbw@bing.com,Male,89.94.177.243
430,Mack,Ygo,mygobx@linkedin.com,Agender,56.214.142.197
431,Norina,Lockwood,nlockwoodby@tripadvisor.com,Female,103.62.230.76
432,Teressa,Crocumbe,tcrocumbebz@usa.gov,Polygender,237.76.160.194
433,Cesya,Mowsdale,cmowsdalec0@europa.eu,Female,172.66.219.252
434,Roma,Hegdonne,rhegdonnec1@uol.com.br,Male,169.5.76.137
436,Cyrus,Lineker,clinekerc3@arizona.edu,Male,251.122.165.101
437,Onofredo,Janos,ojanosc4@miibeian.gov.cn,Male,176.252.205.143
438,Davie,Cawte,dcawtec5@moonfruit.com,Male,124.92.103.93
439,Fidel,Amott,famottc6@bing.com,Genderqueer,206.236.172.178
440,Cristabel,Aspinal,caspinalc7@wordpress.org,Female,161.21.214.72
441,Roxine,Goldman,rgoldmanc8@ca.gov,Female,219.159.219.206
442,Lynde,Raeburn,lraeburnc9@cyberchimps.com,Female,8.220.52.111
443,Rasia,Sprull,rsprullca@msn.com,Female,149.57.210.122
444,Stepha,Paty,spatycb@sakura.ne.jp,Female,158.36.140.27
445,Jada,Oxenham,joxenhamcc@ask.com,Female,159.61.225.25
446,Elias,Alaway,ealawaycd@yolasite.com,Male,131.193.119.49
447,Alidia,Karleman,akarlemance@parallels.com,Agender,14.88.149.43
448,Wandis,Stearns,wstearnscf@parallels.com,Female,44.37.58.205
449,Janenna,Gollin,jgollincg@ucsd.edu,Female,187.112.176.95
450,Tait,Klemensiewicz,tklemensiewiczch@howstuffworks.com,Male,212.132.180.157
451,Terrel,Dougliss,tdouglissci@ca.gov,Male,67.199.175.141
452,Saunderson,Hemphall,shemphallcj@economist.com,Male,37.114.244.160
453,Arnoldo,Armor,aarmorck@behance.net,Male,145.202.28.80
454,Fiorenze,Bocke,fbockecl@dyndns.org,Female,8.69.254.162
455,Maybelle,Poor,mpoorcm@delicious.com,Female,73.55.93.45
456,Joel,Sigsworth,jsigsworthcn@tuttocitta.it,Male,37.129.53.153
457,Kermit,Signori,ksignorico@ezinearticles.com,Male,206.42.144.26
458,Jasper,Kliemann,jkliemanncp@icio.us,Male,76.185.250.142
459,Pincas,Blackham,pblackhamcq@japanpost.jp,Male,140.21.249.213
460,Chet,Holdin,choldincr@usnews.com,Genderqueer,131.217.206.226
461,Paton,Gleasane,pgleasanecs@rakuten.co.jp,Male,50.46.1.93
462,Alice,Dugan,aduganct@flickr.com,Female,228.96.166.41
463,Obidiah,Moriarty,omoriartycu@ft.com,Male,58.209.178.70
464,Tillie,Deddum,tdeddumcv@answers.com,Female,245.183.142.129
465,Gisella,Musgrove,gmusgrovecw@bloglovin.com,Female,213.250.89.66
466,Briggs,Banbrook,bbanbrookcx@craigslist.org,Male,30.235.219.116
467,Sven,Loyns,sloynscy@goo.gl,Male,212.80.201.247
468,Natty,Speedin,nspeedincz@indiatimes.com,Agender,20.175.105.139
469,Alena,Ablewhite,aablewhited0@ftc.gov,Female,131.118.45.73
470,Georgy,Abelevitz,gabelevitzd1@japanpost.jp,Male,169.247.10.147
471,Wolfgang,Rampton,wramptond2@patch.com,Male,163.29.55.87
472,Carolus,Rowles,crowlesd3@free.fr,Male,178.29.168.113
473,Fonz,Gisburne,fgisburned4@army.mil,Male,156.18.93.95
474,Bealle,Pink,bpinkd5@ted.com,Male,160.1.201.124
475,Addy,Rosenstiel,arosenstield6@bloomberg.com,Male,126.97.60.46
476,Devin,Senogles,dsenoglesd7@wordpress.com,Female,228.9.39.183
477,Uriah,Renzini,urenzinid8@photobucket.com,Non-binary,133.254.89.6
478,Sheffie,Fearnley,sfearnleyd9@weibo.com,Male,5.228.60.150
479,Hy,Decreuze,hdecreuzeda@skype.com,Male,109.142.129.108
480,Alva,Goaks,agoaksdb@google.it,Male,228.184.230.35
481,Susann,Angeli,sangelidc@delicious.com,Female,54.107.139.111
482,Rozanna,Chudleigh,rchudleighdd@elegantthemes.com,Female,106.79.85.130
483,Vivyan,Gartsyde,vgartsydede@salon.com,Female,54.154.118.7
484,Seamus,Hanner,shannerdf@springer.com,Male,99.163.106.145
485,Jan,Raoux,jraouxdg@github.io,Male,191.22.12.132
486,Marjorie,Ziemens,mziemensdh@java.com,Female,118.206.171.73
487,Cyrill,Jerrard,cjerrarddi@pagesperso-orange.fr,Male,181.199.138.52
488,Eleonore,Huggin,ehuggindj@purevolume.com,Female,43.105.32.22
489,Auguste,Ruggen,aruggendk@digg.com,Female,11.35.249.174
490,Boyd,Moorhead,bmoorheaddl@posterous.com,Male,70.186.208.234
491,Wynne,Capron,wcaprondm@uol.com.br,Female,19.106.134.109
492,Jan,Meeks,jmeeksdn@fastcompany.com,Male,219.206.210.145
493,Evangeline,Maryon,emaryondo@behance.net,Female,74.130.154.154
494,Lenka,Ginni,lginnidp@xing.com,Genderfluid,111.205.222.187
495,Elliot,Bonnesen,ebonnesendq@list-manage.com,Non-binary,150.178.118.158
496,Rheba,Cavilla,rcavilladr@reverbnation.com,Female,14.18.244.94
497,Feliza,Wrinch,fwrinchds@quantcast.com,Female,195.106.203.3
498,Barb,Brandes,bbrandesdt@jimdo.com,Female,105.212.136.193
499,Lilas,Nisius,lnisiusdu@dion.ne.jp,Female,82.158.70.243
501,Garv,Huddleston,ghuddlestondw@prnewswire.com,Male,220.71.127.191
502,Rudy,Jacox,rjacoxdx@harvard.edu,Polygender,102.207.167.245
503,Eddi,Jencey,ejenceydy@blogspot.com,Female,89.78.178.210
504,Ivan,Mountney,imountneydz@paypal.com,Male,11.4.20.75
505,Karlie,Nutley,knutleye0@ed.gov,Female,219.203.253.234
506,Misty,Itzhaki,mitzhakie1@nhs.uk,Female,221.194.254.237
507,Cynthie,Strewthers,cstrewtherse2@geocities.com,Female,75.141.104.76
508,Selinda,Lindup,slindupe3@usgs.gov,Female,230.238.39.18
509,Kev,Pilfold,kpilfolde4@wp.com,Male,122.124.223.103
510,Kahlil,Daens,kdaense5@geocities.com,Male,136.28.124.219
511,Candi,Gillcrist,cgillcriste6@miibeian.gov.cn,Female,66.158.133.178
512,Dorisa,Booker,dbookere7@bluehost.com,Female,140.38.52.51
513,Madonna,Haining,mhaininge8@ehow.com,Female,176.195.129.164
514,Sharron,Duckerin,sduckerine9@pinterest.com,Female,63.104.101.120
515,Livy,Bail,lbailea@reverbnation.com,Female,195.238.101.58
516,Janela,Duddle,jduddleeb@yahoo.com,Non-binary,208.146.114.96
517,Annnora,Warder,awarderec@blinklist.com,Female,41.207.1.213
518,Gus,Bridel,gbrideled@google.com.hk,Male,152.1.207.92
519,Kathy,Lambrechts,klambrechtsee@whitehouse.gov,Female,194.86.112.32
520,Berny,Duell,bduellef@ca.gov,Male,52.239.226.8
521,Locke,Puncher,lpunchereg@samsung.com,Male,149.155.124.0
522,Karlen,Ilchenko,kilchenkoeh@globo.com,Female,1.35.29.20
523,Derron,Seamon,dseamonei@cbc.ca,Male,56.171.38.159
524,Forester,Hartle,fhartleej@cloudflare.com,Genderqueer,20.103.25.255
525,Terri,Almey,talmeyek@nature.com,Male,136.97.99.14
526,Petr,Zupo,pzupoel@blogs.com,Male,246.118.206.186
527,Skelly,Cleverley,scleverleyem@deviantart.com,Male,215.80.173.43
528,Chiarra,Ambler,cambleren@mozilla.com,Female,72.241.96.63
529,Tiphani,Seeborne,tseeborneeo@blogspot.com,Female,73.173.171.156
530,Chelsey,Ginman,cginmanep@timesonline.co.uk,Female,224.127.12.226
531,Derrick,Matus,dmatuseq@elpais.com,Male,147.175.231.19
532,Seth,Popping,spoppinger@symantec.com,Male,58.222.185.113
533,Noella,Boxen,nboxenes@nationalgeographic.com,Female,56.53.255.202
534,Allx,Arkell,aarkellet@t.co,Agender,41.165.253.163
535,Constancia,Petchell,cpetchelleu@redcross.org,Female,5.183.81.71
536,Diana,Whitelock,dwhitelockev@dagondesign.com,Polygender,115.14.57.11
537,Ferrel,Meugens,fmeugensew@artisteer.com,Non-binary,26.7.243.175
538,Pascal,Szymoni,pszymoniex@issuu.com,Male,248.220.200.221
539,Ives,Dinan,idinaney@a8.net,Male,87.44.66.146
540,Claudell,Currao,ccurraoez@chron.com,Male,206.64.23.219
541,Sterne,Burnyeat,sburnyeatf0@arstechnica.com,Male,197.28.213.244
542,Demetris,Vasile,dvasilef1@ebay.co.uk,Male,14.174.232.234
543,Harwilll,Kerwen,hkerwenf2@jalbum.net,Male,191.234.31.224
544,Theodore,Rennix,trennixf3@nps.gov,Male,153.218.227.11
545,Ashia,Danbi,adanbif4@sphinn.com,Female,223.21.51.57
546,Celeste,Komorowski,ckomorowskif5@phoca.cz,Female,139.83.37.167
547,Chastity,Blaszczyk,cblaszczykf6@biblegateway.com,Female,229.69.78.11
548,Lucilia,Goulbourne,lgoulbournef7@indiatimes.com,Agender,136.219.58.158
549,Nathan,Weatherill,nweatherillf8@goodreads.com,Agender,173.108.184.150
550,Milissent,Simon,msimonf9@lycos.com,Female,207.34.101.182
551,Trueman,Dell Casa,tdellcasafa@xinhuanet.com,Male,18.12.126.38
552,Rockie,Treversh,rtrevershfb@technorati.com,Male,39.224.155.156
553,Berry,Crittal,bcrittalfc@woothemes.com,Female,201.198.245.43
554,Stillmann,Brahmer,sbrahmerfd@usgs.gov,Male,228.211.133.38
555,Quinton,Baty,qbatyfe@mail.ru,Male,201.9.245.243
556,Ichabod,Watsham,iwatshamff@artisteer.com,Male,109.92.138.210
557,Krissie,Gameson,kgamesonfg@comcast.net,Female,65.72.17.147
558,Timothea,Blevin,tblevinfh@mac.com,Female,114.248.252.222
559,Virgie,Cordero,vcorderofi@hugedomains.com,Male,159.249.105.34
560,Alvin,Anney,aanneyfj@hostgator.com,Male,60.83.213.24
561,Bird,Conibeer,bconibeerfk@people.com.cn,Female,0.94.24.79
562,Amelina,McNicol,amcnicolfl@over-blog.com,Agender,239.172.194.153
563,Emmalee,Etherton,eethertonfm@bloglovin.com,Female,184.232.105.196
564,Sutton,Jessett,sjessettfn@bing.com,Male,216.120.60.164
565,Wileen,Jell,wjellfo@opensource.org,Female,25.115.188.157
566,Rosalind,Verma,rvermafp@acquirethisname.com,Female,234.28.33.17
567,Shaughn,Albasiny,salbasinyfq@github.io,Male,85.157.218.24
568,Sinclare,Teasdale,steasdalefr@slashdot.org,Male,228.10.129.188
569,Elisa,Rising,erisingfs@toplist.cz,Female,211.253.44.22
570,Minette,Battye,mbattyeft@mtv.com,Female,125.95.208.202
571,Arliene,MacNeice,amacneicefu@earthlink.net,Female,130.237.221.164
572,Nev,Temperley,ntemperleyfv@dell.com,Male,202.184.181.63
573,Ansell,Massow,amassowfw@cisco.com,Male,30.185.97.132
574,Leif,Zanazzi,lzanazzifx@trellian.com,Male,241.193.100.233
575,Denys,Baxstar,dbaxstarfy@home.pl,Female,152.82.20.30
576,Eda,Blune,eblunefz@gizmodo.com,Female,8.102.64.147
577,Gerry,Connold,gconnoldg0@friendfeed.com,Male,184.169.41.195
578,Brock,Maty,bmatyg1@booking.com,Male,174.226.28.197
579,Manda,Sproat,msproatg2@blog.com,Female,132.31.246.76
580,Teresa,Pigeon,tpigeong3@reverbnation.com,Female,19.145.32.78
581,Priscilla,Francey,pfranceyg4@biglobe.ne.jp,Female,136.193.29.33
582,Caty,Klaus,cklausg5@yellowbook.com,Female,30.235.68.254
583,Ludovico,Scholler,lschollerg6@desdev.cn,Male,197.82.199.135
584,Thea,Andrus,tandrusg7@bigcartel.com,Female,99.76.143.93
585,Gregorio,Preddle,gpreddleg8@addtoany.com,Male,122.105.192.143
586,Constantia,Tomovic,ctomovicg9@alexa.com,Female,57.163.129.252
587,Benedick,Kinnerk,bkinnerkga@java.com,Male,96.230.218.196
588,Felita,Kalker,fkalkergb@businesswire.com,Female,186.151.10.90
589,Jeniece,Broadbridge,jbroadbridgegc@youtu.be,Female,56.197.104.207
590,Morse,Nickoll,mnickollgd@google.ru,Male,86.242.213.77
591,Iolande,Bringloe,ibringloege@wikipedia.org,Female,197.78.29.218
592,Kim,Tuckie,ktuckiegf@narod.ru,Female,58.175.11.140
593,Michail,Truin,mtruingg@nationalgeographic.com,Male,250.225.103.137
595,Alfred,Chattock,achattockgi@shop-pro.jp,Male,172.212.94.136
596,Waylon,Celier,wceliergj@usa.gov,Male,131.208.92.141
597,Lynelle,Paternoster,lpaternostergk@indiatimes.com,Female,40.65.232.4
598,Obie,Etheridge,oetheridgegl@merriam-webster.com,Male,196.225.249.16
599,Derby,Yellop,dyellopgm@unesco.org,Male,210.42.94.206
600,Valencia,Raraty,vraratygn@addthis.com,Bigender,198.112.26.171
601,Ody,Steljes,osteljesgo@csmonitor.com,Male,127.161.192.38
602,Franchot,Gilding,fgildinggp@globo.com,Male,171.30.51.93
603,Dode,Brundell,dbrundellgq@mail.ru,Female,95.81.8.59
604,Holly-anne,Hannis,hhannisgr@usnews.com,Female,18.162.143.242
606,Timmy,Wixey,twixeygt@oakley.com,Female,171.145.36.240
607,Brena,Withinshaw,bwithinshawgu@baidu.com,Female,33.190.110.222
608,Fletch,Amort,famortgv@archive.org,Male,180.194.70.157
609,Lovell,Arnaudi,larnaudigw@google.pl,Male,146.118.56.206
610,Bartolemo,Gabrieli,bgabrieligx@ow.ly,Male,168.206.33.32
611,Jacinta,Hare,jharegy@photobucket.com,Female,30.92.145.172
612,Charity,Magor,cmagorgz@theatlantic.com,Female,75.112.181.97
613,Crawford,Cardis,ccardish0@auda.org.au,Male,234.159.106.134
614,Birch,Makinson,bmakinsonh1@si.edu,Male,12.156.142.37
615,Vasili,Giampietro,vgiampietroh2@livejournal.com,Male,66.210.4.62
616,Webster,Littlefair,wlittlefairh3@liveinternet.ru,Male,27.194.75.205
617,Vinson,Altree,valtreeh4@freewebs.com,Male,251.197.128.129
618,Morie,Wolfe,mwolfeh5@stumbleupon.com,Male,117.165.204.113
619,Archaimbaud,Sutty,asuttyh6@icio.us,Male,111.140.145.33
620,Lynnett,Grenter,lgrenterh7@networkadvertising.org,Female,215.91.87.34
621,Welby,Satterley,wsatterleyh8@scribd.com,Male,83.122.206.81
622,Annamaria,Hilling,ahillingh9@yelp.com,Female,18.74.252.180
623,Tadio,Shallcross,tshallcrossha@sphinn.com,Male,117.202.152.68
624,Kissiah,Gianni,kgiannihb@typepad.com,Female,56.143.234.222
625,Arnaldo,Scholfield,ascholfieldhc@ucoz.com,Male,105.200.72.224
626,Stacy,Labbati,slabbatihd@posterous.com,Female,160.207.220.79
627,Sydney,Klulik,sklulikhe@sogou.com,Non-binary,92.185.221.221
628,Bernete,Charnock,bcharnockhf@reddit.com,Female,227.195.58.114
629,Thorstein,Marcroft,tmarcrofthg@slate.com,Male,244.228.199.254
630,Gabriellia,Eisikovitsh,geisikovitshhh@privacy.gov.au,Female,237.252.165.219
631,Wyatan,Fucher,wfucherhi@geocities.jp,Male,176.59.9.200
632,Abran,Ortler,aortlerhj@comcast.net,Male,177.211.9.80
633,Dynah,Scothorne,dscothornehk@yelp.com,Female,95.154.139.240
634,Zabrina,Brandel,zbrandelhl@imdb.com,Female,124.184.234.240
635,Suzann,Lanfer,slanferhm@prweb.com,Female,252.206.12.110
636,Stephi,Ondrak,sondrakhn@umich.edu,Female,206.36.142.86
637,Garner,Hailes,ghailesho@issuu.com,Male,163.98.109.174
638,Arda,Grills,agrillshp@barnesandnoble.com,Female,54.55.46.252
639,Jessee,Volk,jvolkhq@surveymonkey.com,Male,108.115.1.127
640,Ardith,Oldall,aoldallhr@ibm.com,Female,202.210.11.15
641,Adelheid,Biggadike,abiggadikehs@mail.ru,Female,130.15.16.153
642,Orsola,Harrington,oharringtonht@guardian.co.uk,Female,254.253.5.253
643,Erminie,Newson,enewsonhu@addtoany.com,Genderfluid,225.152.44.173
644,Cristobal,Crockford,ccrockfordhv@bbc.co.uk,Male,160.210.59.94
645,Calida,Blackboro,cblackborohw@multiply.com,Female,150.114.15.143
646,Irita,Mazzia,imazziahx@bloglines.com,Female,189.91.222.73
647,Jesselyn,Thwaite,jthwaitehy@flavors.me,Female,15.128.101.187
648,Harper,Mushet,hmushethz@umn.edu,Male,255.242.162.236
649,Margarita,Coffee,mcoffeei0@dyndns.org,Female,10.185.215.196
650,Collette,Bau,cbaui1@ustream.tv,Female,73.183.35.166
651,Mohandis,Bolger,mbolgeri2@list-manage.com,Male,178.73.93.58
652,Stormy,Hawtry,shawtryi3@topsy.com,Genderqueer,91.118.33.104
653,Claresta,Pistol,cpistoli4@wp.com,Female,209.230.124.20
654,Galven,McGougan,gmcgougani5@com.com,Male,227.133.71.164
655,Dane,Hinrich,dhinrichi6@indiegogo.com,Male,188.119.51.113
656,Arabelle,Toovey,atooveyi7@prnewswire.com,Female,54.28.55.83
657,Madison,Baskerville,mbaskervillei8@qq.com,Agender,240.102.88.172
658,Trina,Samways,tsamwaysi9@nytimes.com,Female,25.143.69.227
659,Bern,de Castelain,bdecastelainia@liveinternet.ru,Male,249.109.250.59
660,Bennett,Jamot,bjamotib@soup.io,Male,36.150.46.213
661,Ursa,Craine,ucraineic@prnewswire.com,Female,173.13.137.145
662,Tirrell,Cotelard,tcotelardid@mayoclinic.com,Male,37.214.233.15
663,Willette,Heelis,wheelisie@redcross.org,Female,117.37.131.20
664,Peyton,Jeannard,pjeannardif@slideshare.net,Male,40.62.251.179
665,Nicolle,Hizir,nhizirig@vkontakte.ru,Female,17.151.67.58
666,Errol,Sponer,esponerih@themeforest.net,Male,237.92.136.51
667,Sabrina,Necolds,snecoldsii@multiply.com,Female,107.99.82.153
668,Jamison,Berks,jberksij@hp.com,Male,132.194.184.196
669,Issiah,Loddy,iloddyik@qq.com,Male,154.21.14.44
670,Wyn,Netley,wnetleyil@freewebs.com,Male,168.113.2.81
671,Eilis,Loges,elogesim@geocities.jp,Female,158.102.157.100
672,Ferdy,Henrique,fhenriquein@opensource.org,Male,114.11.93.146
673,Stephana,Elger,selgerio@disqus.com,Female,97.6.67.67
674,Shep,Malafe,smalafeip@aol.com,Male,60.133.143.192
675,Adam,Dalgarnowch,adalgarnowchiq@bandcamp.com,Male,108.27.157.11
676,Nathalie,D Acth,ndacthir@t-online.de,Female,192.67.176.189
677,Jonathan,Anthoney,janthoneyis@imageshack.us,Male,114.199.230.217
678,Andi,Berthot,aberthotit@shareasale.com,Female,119.57.77.128
679,Marcel,Avraam,mavraamiu@census.gov,Male,181.217.213.145
680,Barde,Delmage,bdelmageiv@arstechnica.com,Male,115.188.221.80
681,Gabrila,Crumley,gcrumleyiw@imgur.com,Genderqueer,115.179.59.218
682,Ryley,Annott,rannottix@hexun.com,Male,191.29.117.83
683,Staci,Bakster,sbaksteriy@jiathis.com,Female,215.253.163.122
684,Norah,Mathou,nmathouiz@eepurl.com,Female,192.212.237.86
685,Haskel,Meininger,hmeiningerj0@nih.gov,Genderfluid,157.173.231.221
686,Cesar,Weinmann,cweinmannj1@elegantthemes.com,Male,222.230.187.85
687,Bob,Ferie,bferiej2@upenn.edu,Male,12.72.55.67
688,Ly,Chillingworth,lchillingworthj3@cdbaby.com,Male,18.102.127.8
689,Nealon,Ormshaw,normshawj4@java.com,Male,161.18.79.154
690,Tommy,Kent,tkentj5@dropbox.com,Female,125.66.124.149
691,Phaidra,Hustler,phustlerj6@surveymonkey.com,Female,7.155.134.4
692,Viki,Gimenez,vgimenezj7@domainmarket.com,Genderfluid,186.174.31.213
693,Rogerio,Dragon,rdragonj8@globo.com,Male,217.67.30.143
694,Wernher,O Halligan,wohalliganj9@sfgate.com,Male,202.174.183.7
695,Marley,Harber,mharberja@i2i.jp,Female,109.253.74.162
696,Colas,Cinavas,ccinavasjb@hhs.gov,Male,86.202.201.132
697,Mile,Benoey,mbenoeyjc@usnews.com,Bigender,174.11.99.245
698,Bentlee,Snedker,bsnedkerjd@slashdot.org,Male,207.107.19.125
699,Edsel,Braunston,ebraunstonje@simplemachines.org,Male,94.153.61.122
700,Gwennie,Hedlestone,ghedlestonejf@globo.com,Female,136.55.184.220
701,Cully,Tipton,ctiptonjg@slashdot.org,Male,66.148.27.187
702,Berne,O Currine,bocurrinejh@usnews.com,Male,211.28.247.178
703,Tris,Guiden,tguidenji@toplist.cz,Male,35.34.10.210
704,Caryl,Godlonton,cgodlontonjj@mapy.cz,Female,229.241.246.23
705,Winnie,Collington,wcollingtonjk@cdbaby.com,Female,63.164.164.109
706,Heloise,Binnie,hbinniejl@wikispaces.com,Female,25.104.190.28
707,Shellie,Darnbrook,sdarnbrookjm@sourceforge.net,Female,241.130.113.164
708,Mark,Willishire,mwillishirejn@springer.com,Male,200.120.145.31
709,Leoine,Millions,lmillionsjo@squidoo.com,Female,2.158.85.198
710,Marlow,Been,mbeenjp@japanpost.jp,Male,169.163.239.254
711,Didi,O Curneen,docurneenjq@mozilla.com,Female,168.41.199.69
712,Carol,Sandever,csandeverjr@shareasale.com,Female,2.193.33.240
713,Ulrica,Birrane,ubirranejs@usgs.gov,Female,82.45.236.37
714,Delano,Dessaur,ddessaurjt@reddit.com,Male,105.255.27.246
715,Ariel,Albro,aalbroju@ameblo.jp,Female,160.191.94.158
716,Hester,Sandercock,hsandercockjv@eepurl.com,Female,42.103.39.76
717,Dagmar,Lathy,dlathyjw@w3.org,Female,247.24.28.206
718,Olin,Wagge,owaggejx@trellian.com,Male,53.68.157.20
719,Dolley,Kincey,dkinceyjy@drupal.org,Female,192.127.237.111
720,Ludovika,de Banke,ldebankejz@youtube.com,Female,74.87.110.218
721,Curran,Darco,cdarcok0@fema.gov,Male,147.104.29.60
722,Irwinn,Gawkes,igawkesk1@usatoday.com,Male,133.236.254.69
723,Vick,Fyrth,vfyrthk2@toplist.cz,Male,137.115.116.127
724,Lidia,Tanti,ltantik3@businesswire.com,Female,156.44.192.194
725,Tadeas,Slany,tslanyk4@biglobe.ne.jp,Male,175.159.127.91
726,Piotr,Cawse,pcawsek5@123-reg.co.uk,Male,65.137.192.30
727,Ned,Jiroutka,njiroutkak6@tamu.edu,Male,158.251.75.6
728,Padget,Bignall,pbignallk7@ted.com,Male,48.103.62.231
729,Algernon,O Dennehy,aodennehyk8@nsw.gov.au,Male,22.222.46.150
730,Amanda,Winney,awinneyk9@yelp.com,Polygender,54.112.217.95
731,Therine,Kybird,tkybirdka@va.gov,Female,246.173.42.184
732,Yvor,Bottoner,ybottonerkb@linkedin.com,Polygender,165.2.253.139
733,Erastus,Merck,emerckkc@sciencedaily.com,Male,67.226.33.103
734,Harp,Goodbar,hgoodbarkd@meetup.com,Male,24.238.155.9
735,Aundrea,Ensten,aenstenke@geocities.jp,Female,153.211.89.179
736,Marchall,Giovani,mgiovanikf@elegantthemes.com,Male,166.185.199.135
737,Orelle,Bollins,obollinskg@yale.edu,Female,171.191.42.119
738,Warren,Van Driel,wvandrielkh@state.gov,Male,187.134.23.117
739,Shepherd,Aburrow,saburrowki@cargocollective.com,Male,227.7.91.39
740,Claudetta,Canfield,ccanfieldkj@tmall.com,Female,136.53.41.77
741,Marven,Arnhold,marnholdkk@unc.edu,Male,241.14.166.253
742,Astra,Musker,amuskerkl@cnn.com,Female,218.191.116.97
743,Bevin,St. Quintin,bstquintinkm@posterous.com,Male,245.162.228.92
744,Pooh,Peterson,ppetersonkn@baidu.com,Male,68.215.12.242
745,Morris,Dowthwaite,mdowthwaiteko@dailymail.co.uk,Male,171.51.222.20
746,Malcolm,Pacher,mpacherkp@sphinn.com,Male,111.118.194.182
747,Hobart,Chantler,hchantlerkq@latimes.com,Male,42.143.233.56
748,Sherwin,Swin,sswinkr@army.mil,Male,100.205.132.185
749,Friedrick,Quartermain,fquartermainks@nhs.uk,Non-binary,42.205.98.121
750,Gayler,Bondley,gbondleykt@reverbnation.com,Male,14.105.193.38
751,Neill,Canet,ncanetku@fda.gov,Non-binary,166.181.248.181
752,Orly,Pfertner,opfertnerkv@msn.com,Female,183.235.118.91
753,Raul,Eckery,reckerykw@topsy.com,Male,173.248.92.202
754,Gerti,De Hailes,gdehaileskx@dedecms.com,Female,164.59.197.129
755,Kristoffer,Loyd,kloydky@infoseek.co.jp,Male,138.198.216.0
756,Dur,Newis,dnewiskz@vimeo.com,Male,154.128.7.41
757,Ferrel,Pinson,fpinsonl0@redcross.org,Male,239.111.246.155
758,Fulton,Lidgate,flidgatel1@parallels.com,Male,109.213.153.228
759,Milena,Mityashev,mmityashevl2@google.co.uk,Female,75.31.25.109
760,Florinda,Allchorn,fallchornl3@php.net,Female,128.220.73.84
761,Romona,Tonry,rtonryl4@sciencedaily.com,Genderqueer,27.137.199.10
762,Orrin,Wakeman,owakemanl5@blogtalkradio.com,Male,230.58.85.74
763,Rosina,Walcar,rwalcarl6@dyndns.org,Bigender,190.75.182.77
764,Angelita,Jamot,ajamotl7@cdc.gov,Female,191.150.206.214
765,Chryste,Braams,cbraamsl8@telegraph.co.uk,Female,210.187.111.70
766,Iver,Richfield,irichfieldl9@europa.eu,Male,138.138.188.189
767,Dillon,Pirri,dpirrila@vinaora.com,Male,141.137.76.101
768,Lammond,Jevon,ljevonlb@yahoo.com,Male,231.95.153.161
769,Broderic,Rosencwaig,brosencwaiglc@desdev.cn,Male,69.96.136.236
770,Ondrea,McTrusty,omctrustyld@jugem.jp,Female,130.199.183.183
771,Morissa,Blood,mbloodle@samsung.com,Female,36.134.210.139
772,Tobie,Maren,tmarenlf@yahoo.com,Male,36.218.199.10
773,Joelle,Walklott,jwalklottlg@homestead.com,Female,228.147.85.232
774,Laurel,Busst,lbusstlh@imageshack.us,Female,166.124.163.119
775,Kendrick,Cotty,kcottyli@toplist.cz,Agender,18.130.158.194
776,Seth,Chalcraft,schalcraftlj@reuters.com,Male,39.128.166.211
777,Tabor,Boord,tboordlk@usgs.gov,Male,196.168.3.221
778,Patrizio,Begbie,pbegbiell@miitbeian.gov.cn,Male,14.133.252.103
779,Glenn,Bolesworth,gbolesworthlm@github.io,Female,189.22.157.42
780,Booth,McKernan,bmckernanln@foxnews.com,Male,219.8.245.196
781,Michele,Kmieciak,mkmieciaklo@apache.org,Female,12.133.12.126
782,Mireielle,Morfield,mmorfieldlp@go.com,Female,203.206.46.172
783,Aguste,Marzella,amarzellalq@tamu.edu,Male,207.235.20.249
784,Teddie,Forte,tfortelr@phoca.cz,Genderqueer,161.27.15.232
785,Robb,Kas,rkasls@photobucket.com,Male,180.168.174.164
786,Cherin,Gumm,cgummlt@bbb.org,Non-binary,83.249.57.176
787,Crissie,Dollen,cdollenlu@house.gov,Female,43.32.165.107
788,Aile,Linstead,alinsteadlv@berkeley.edu,Female,24.14.30.82
789,Christopher,Salzburg,csalzburglw@blinklist.com,Male,180.179.209.62
790,Caroline,De Metz,cdemetzlx@ebay.co.uk,Female,149.105.112.64
791,Pru,Petrello,ppetrelloly@craigslist.org,Polygender,255.233.95.149
792,Trina,Kembery,tkemberylz@indiatimes.com,Female,86.181.189.246
793,Maddy,Thripp,mthrippm0@creativecommons.org,Male,193.202.171.70
794,Arvy,Neat,aneatm1@spotify.com,Male,72.166.198.154
795,Catha,Narbett,cnarbettm2@nytimes.com,Female,112.46.201.171
796,Eveline,Debell,edebellm3@samsung.com,Female,183.61.48.15
797,Terence,Dougal,tdougalm4@goo.ne.jp,Male,209.8.174.244
798,Fredrick,Pervew,fpervewm5@biglobe.ne.jp,Male,97.130.155.174
799,Silvester,Sizey,ssizeym6@prnewswire.com,Male,147.16.65.103
800,Rosalia,Crosse,rcrossem7@twitpic.com,Female,225.57.87.206
801,Mignon,Louth,mlouthm8@purevolume.com,Female,69.173.96.2
802,Alyosha,Durker,adurkerm9@hexun.com,Male,190.141.8.189
803,Maxy,Bastock,mbastockma@tripod.com,Female,23.147.154.168
804,Meghann,Drugan,mdruganmb@vimeo.com,Female,111.146.6.152
805,Junette,Handrok,jhandrokmc@cisco.com,Female,254.246.184.229
806,Christalle,Durtnell,cdurtnellmd@newsvine.com,Agender,220.245.178.7
807,Stefanie,Duthie,sduthieme@ibm.com,Female,33.164.217.134
808,Edouard,Jewster,ejewstermf@cbslocal.com,Male,180.115.1.150
809,Jere,Placide,jplacidemg@163.com,Male,244.89.30.139
810,Darnall,Finlan,dfinlanmh@homestead.com,Male,70.57.34.118
811,Ulrick,Champerlen,uchamperlenmi@nyu.edu,Male,55.194.67.111
812,Karlis,Collip,kcollipmj@etsy.com,Male,23.151.105.229
813,Guthry,Ponting,gpontingmk@youtu.be,Male,106.34.157.144
814,Tannie,Faull,tfaullml@si.edu,Male,97.89.24.125
815,Johannah,Haversham,jhavershammm@t.co,Female,114.16.195.44
816,Staffard,Whorlow,swhorlowmn@statcounter.com,Male,103.178.198.140
817,Christian,Sharplin,csharplinmo@canalblog.com,Male,134.176.100.184
818,Marlee,Caughtry,mcaughtrymp@linkedin.com,Non-binary,184.160.98.218
819,Llywellyn,Kelcey,lkelceymq@nhs.uk,Male,75.28.70.211
820,Maressa,Shailer,mshailermr@ameblo.jp,Female,41.140.109.85
821,Cherye,Kubal,ckubalms@linkedin.com,Female,84.91.53.18
822,Kin,Woolf,kwoolfmt@home.pl,Male,112.127.186.90
823,Gerrie,O  Dornan,godornanmu@behance.net,Male,196.4.117.193
824,Minne,Kahn,mkahnmv@sciencedaily.com,Female,1.11.212.213
825,Maddie,Robison,mrobisonmw@booking.com,Female,234.130.24.82
826,Krystle,Ruffell,kruffellmx@forbes.com,Female,62.142.198.143
827,Ulrich,Gorden,ugordenmy@sun.com,Male,156.59.167.229
828,Giralda,Defew,gdefewmz@indiegogo.com,Female,36.136.77.56
829,Gayelord,Allitt,gallittn0@amazonaws.com,Male,177.157.4.174
830,Anatole,Fuggles,afugglesn1@cornell.edu,Male,105.177.170.207
831,Emerson,Quan,equann2@de.vu,Male,173.109.130.16
832,Jocelin,Treven,jtrevenn3@tumblr.com,Female,169.43.154.195
833,Gerek,Addey,gaddeyn4@google.com,Male,125.147.171.33
834,Adel,Lammenga,alammengan5@telegraph.co.uk,Female,221.63.221.214
835,Meyer,Hughf,mhughfn6@rambler.ru,Male,113.134.95.85
836,Eveline,Judron,ejudronn7@geocities.jp,Female,158.214.138.229
837,Sayres,Zamudio,szamudion8@flickr.com,Male,181.9.28.246
838,Niki,Gianuzzi,ngianuzzin9@sohu.com,Genderfluid,231.1.31.107
839,Celie,Simcock,csimcockna@friendfeed.com,Female,192.227.167.229
840,Lil,Pattison,lpattisonnb@issuu.com,Female,101.210.21.221
841,Allard,Gilhoolie,agilhoolienc@arizona.edu,Male,162.154.104.0
842,Yvor,Tapsell,ytapsellnd@live.com,Male,244.160.52.178
843,Cele,Champe,cchampene@weibo.com,Female,225.146.16.69
844,Amelia,Stourton,astourtonnf@myspace.com,Female,109.8.200.127
845,D arcy,Allred,dallredng@odnoklassniki.ru,Genderqueer,205.31.16.230
846,Noami,Guild,nguildnh@ebay.com,Female,43.91.11.198
847,Annabella,Demaid,ademaidni@oakley.com,Female,100.50.73.228
848,Faunie,Adrian,fadriannj@census.gov,Polygender,16.191.157.186
849,Wilbert,Yannikov,wyannikovnk@is.gd,Male,107.149.251.26
850,Bernelle,Lorriman,blorrimannl@cbslocal.com,Female,180.165.69.185
851,Eddy,Waldock,ewaldocknm@hp.com,Male,213.77.254.3
852,Clemente,Aizikovitch,caizikovitchnn@ycombinator.com,Male,22.171.214.93
853,Holli,Stother,hstotherno@epa.gov,Female,45.31.105.38
854,Heida,Gallardo,hgallardonp@hao123.com,Female,56.25.177.16
855,Skelly,Labrow,slabrownq@amazon.co.uk,Non-binary,62.3.15.13
856,Klement,Oley,koleynr@ca.gov,Male,26.12.2.88
857,Carolyn,McAlester,cmcalesterns@sciencedirect.com,Female,42.239.132.13
858,Luca,Begent,lbegentnt@home.pl,Male,217.63.97.131
859,Sascha,Leaming,sleamingnu@w3.org,Male,20.13.95.37
860,Philis,Bouda,pboudanv@lulu.com,Female,193.155.190.213
861,Liana,Halshaw,lhalshawnw@deliciousdays.com,Female,54.137.64.96
862,Benton,Cordier,bcordiernx@psu.edu,Male,138.253.216.32
863,Maje,Sandcraft,msandcraftny@amazon.co.jp,Male,212.119.104.230
864,Zedekiah,Kingsnod,zkingsnodnz@google.co.jp,Male,58.103.202.199
865,Nichole,Turbitt,nturbitto0@wordpress.org,Female,58.211.131.146
866,Jeannette,Dollimore,jdollimoreo1@scribd.com,Female,50.8.107.64
867,Axe,Delmonti,adelmontio2@over-blog.com,Male,240.144.41.160
868,Marena,Hanse,mhanseo3@unicef.org,Female,164.126.32.178
869,Tabbie,Ealden,tealdeno4@cbslocal.com,Male,130.156.110.173
870,Jeno,Zahor,jzahoro5@t-online.de,Male,177.159.234.150
871,Jeffrey,Evershed,jevershedo6@networkadvertising.org,Male,74.176.12.254
872,Queenie,Willshaw,qwillshawo7@ycombinator.com,Female,146.204.16.78
873,Antonietta,Kuzma,akuzmao8@vistaprint.com,Female,121.168.206.239
874,Aguie,Reaveley,areaveleyo9@pcworld.com,Male,117.95.133.148
875,Nerta,Cossum,ncossumoa@noaa.gov,Female,196.105.38.189
876,Jennilee,Langdon,jlangdonob@example.com,Female,179.7.251.22
877,Pace,Kilalea,pkilaleaoc@i2i.jp,Male,108.191.181.82
878,Ethan,Docker,edockerod@umn.edu,Male,89.6.243.240
879,Linoel,Mahady,lmahadyoe@yolasite.com,Bigender,169.203.223.214
880,Guglielmo,Mularkey,gmularkeyof@elegantthemes.com,Male,66.103.50.73
881,Tildi,Green,tgreenog@w3.org,Female,79.101.126.102
882,Vick,Burgon,vburgonoh@g.co,Male,44.63.69.251
883,Hollie,Agdahl,hagdahloi@statcounter.com,Female,254.81.202.211
884,Stephie,Dreus,sdreusoj@house.gov,Female,168.155.16.24
885,Enos,Shynn,eshynnok@sphinn.com,Male,153.109.35.154
886,Johny,Colleford,jcollefordol@netlog.com,Male,90.253.46.115
887,Blakelee,Binyon,bbinyonom@guardian.co.uk,Female,154.101.190.208
888,Emalia,Fordy,efordyon@prnewswire.com,Female,89.212.64.50
889,Jakob,Eakens,jeakensoo@nationalgeographic.com,Genderfluid,43.9.102.206
890,Ciro,Goble,cgobleop@techcrunch.com,Male,48.132.13.83
891,Raimund,Vannoort,rvannoortoq@angelfire.com,Male,64.40.195.172
892,Cissy,Duddle,cduddleor@reference.com,Female,21.3.24.34
893,Jamie,Agglione,jagglioneos@ucsd.edu,Male,254.49.77.149
894,Bat,Whitlam,bwhitlamot@zdnet.com,Male,176.189.150.158
895,Aldous,Kewley,akewleyou@tinyurl.com,Male,115.79.17.50
896,Ronalda,Stanett,rstanettov@newyorker.com,Female,131.228.129.48
897,Hayley,Cordell,hcordellow@list-manage.com,Female,105.110.177.37
898,Angel,Duguid,aduguidox@odnoklassniki.ru,Male,185.230.100.15
899,Elmo,Colman,ecolmanoy@gov.uk,Male,193.130.49.82
900,Lethia,Fewkes,lfewkesoz@narod.ru,Female,182.106.240.0
901,Anthiathia,Illiston,aillistonp0@163.com,Female,227.195.38.214
902,Kelbee,Monelle,kmonellep1@cocolog-nifty.com,Male,38.14.187.158
903,Renelle,D Alesco,rdalescop2@shareasale.com,Female,232.182.73.247
904,Jo ann,Spellward,jspellwardp3@hatena.ne.jp,Female,238.211.24.244
905,Sybila,Ruffey,sruffeyp4@stumbleupon.com,Female,62.90.12.164
906,Umberto,Andrassy,uandrassyp5@usa.gov,Male,142.2.32.114
907,Rourke,Lorrie,rlorriep6@ftc.gov,Male,167.61.21.105
908,Carolus,Awde,cawdep7@msu.edu,Male,48.159.120.32
909,Dedie,Jacobbe,djacobbep8@usa.gov,Female,84.119.36.248
910,Juieta,MacTague,jmactaguep9@msn.com,Female,94.114.110.87
911,Ragnar,Gaul,rgaulpa@sogou.com,Male,148.76.116.137
912,Dyann,Weathers,dweatherspb@wisc.edu,Genderqueer,236.82.110.23
913,Dulce,St. Aubyn,dstaubynpc@chicagotribune.com,Female,84.230.226.96
914,James,Farherty,jfarhertypd@pen.io,Male,32.205.71.114
915,Pooh,Fonso,pfonsope@macromedia.com,Female,31.36.224.168
916,Lynn,Kittley,lkittleypf@businessweek.com,Male,37.110.85.174
917,Palm,Overstone,poverstonepg@imageshack.us,Male,50.236.44.211
918,Blinnie,Pennycock,bpennycockph@vistaprint.com,Female,250.15.129.119
919,Calida,Sherewood,csherewoodpi@who.int,Female,154.150.46.129
920,Ogdan,Beynkn,obeynknpj@clickbank.net,Male,215.2.110.185
921,Alaric,Graine,agrainepk@fastcompany.com,Male,15.3.22.140
922,Ilsa,Besque,ibesquepl@pinterest.com,Female,84.168.246.65
923,Otha,Edmans,oedmanspm@netvibes.com,Female,216.216.190.132
924,Filmer,Saleway,fsalewaypn@ebay.com,Male,107.72.168.105
925,Hi,Wagstaffe,hwagstaffepo@vimeo.com,Male,251.42.44.95
926,Hagen,Berling,hberlingpp@bluehost.com,Male,228.150.98.105
927,Gabriel,Rospars,grosparspq@google.ca,Male,211.69.158.72
928,Kaiser,Rijkeseis,krijkeseispr@paginegialle.it,Male,21.241.189.179
929,Nahum,Tomson,ntomsonps@over-blog.com,Male,225.237.208.95
930,Debbi,Robertot,drobertotpt@adobe.com,Female,142.58.112.62
931,Alex,Planque,aplanquepu@yolasite.com,Genderfluid,166.244.71.160
932,Tomaso,Raitt,traittpv@moonfruit.com,Male,27.168.190.16
933,Jennine,Simione,jsimionepw@yale.edu,Female,95.248.126.79
934,Sallyanne,Scintsbury,sscintsburypx@blogspot.com,Female,148.132.80.211
935,Russell,Westman,rwestmanpy@51.la,Male,120.219.241.155
936,Barclay,Edess,bedesspz@istockphoto.com,Male,158.218.171.110
937,Lonny,Stonhard,lstonhardq0@webeden.co.uk,Male,157.242.121.181
938,Liz,Plumbley,lplumbleyq1@mapquest.com,Female,188.45.23.234
939,Phylis,Kirkbride,pkirkbrideq2@forbes.com,Female,210.246.180.83
940,Alvinia,Pardew,apardewq3@oaic.gov.au,Female,90.225.159.27
941,Robby,Smittoune,rsmittouneq4@newyorker.com,Female,16.27.249.254
942,Jule,Cotman,jcotmanq5@newsvine.com,Male,126.226.224.115
943,Cassy,Serjeant,cserjeantq6@wikia.com,Non-binary,10.230.10.75
944,Annis,Curtoys,acurtoysq7@gov.uk,Female,165.118.138.127
945,Rafael,Backshall,rbackshallq8@lulu.com,Male,240.202.209.47
946,Jarrett,Hatchard,jhatchardq9@unblog.fr,Male,12.51.43.249
947,Andreana,Scripture,ascriptureqa@nature.com,Female,33.117.240.219
948,Almeda,Edgeon,aedgeonqb@cocolog-nifty.com,Female,5.13.30.173
949,Lynnelle,Chilles,lchillesqc@sbwire.com,Female,64.135.115.78
950,Germain,Ruggles,grugglesqd@imgur.com,Female,180.127.169.206
951,Ethel,Bothams,ebothamsqe@yahoo.com,Female,98.176.29.32
952,Michaelina,Rickman,mrickmanqf@earthlink.net,Female,130.100.17.38
953,Kendell,Ratazzi,kratazziqg@cdbaby.com,Male,126.131.179.102
954,Forester,Judgkins,fjudgkinsqh@dyndns.org,Male,32.129.64.219
955,Daryn,Engeham,dengehamqi@yolasite.com,Female,152.85.239.239
956,Ailbert,Eatherton,aeathertonqj@nhs.uk,Male,169.15.9.163
957,Elbert,Cansdall,ecansdallqk@si.edu,Male,71.104.50.82
958,Lizabeth,Barlow,lbarlowql@goo.gl,Female,3.214.129.38
959,Jacquelyn,Lorek,jlorekqm@istockphoto.com,Female,222.60.195.185
960,Adrian,Haylor,ahaylorqn@patch.com,Female,43.51.214.216
961,Britte,Joutapavicius,bjoutapaviciusqo@about.me,Female,103.134.173.48
962,Clevie,Ionnisian,cionnisianqp@imdb.com,Male,37.71.160.22
963,Archaimbaud,Basterfield,abasterfieldqq@nps.gov,Male,111.31.113.189
964,Glennie,Killerby,gkillerbyqr@abc.net.au,Female,242.102.154.105
965,Lusa,McIlwain,lmcilwainqs@i2i.jp,Female,123.227.241.121
966,Ursulina,Wetherill,uwetherillqt@google.pl,Female,117.218.232.27
967,Sheilakathryn,Antonioni,santonioniqu@nyu.edu,Female,109.190.171.75
968,Gaylor,Jakubowicz,gjakubowiczqv@tripod.com,Male,54.230.191.197
969,Mariann,Kleine,mkleineqw@skyrock.com,Genderqueer,97.109.169.28
970,Drew,Kolak,dkolakqx@theglobeandmail.com,Male,224.120.189.181
971,Burty,Vicar,bvicarqy@bigcartel.com,Male,223.99.114.194
972,Romonda,Killich,rkillichqz@fda.gov,Female,45.198.181.79
973,Philis,Gecke,pgecker0@devhub.com,Female,22.15.136.198
974,Ardelle,Vasyushkhin,avasyushkhinr1@istockphoto.com,Genderqueer,245.74.157.101
975,Marius,Ricards,mricardsr2@typepad.com,Male,221.54.87.209
976,Fern,Cowmeadow,fcowmeadowr3@blogs.com,Female,3.156.96.91
977,Bernie,Pocknell,bpocknellr4@chicagotribune.com,Male,27.155.197.235
978,Daisy,Gregh,dgreghr5@mit.edu,Female,219.38.156.240
979,Tabbie,Gudge,tgudger6@house.gov,Male,200.102.107.105
980,Adiana,Davie,adavier7@wisc.edu,Female,189.138.227.7
981,Llewellyn,Savill,lsavillr8@elegantthemes.com,Male,173.57.252.98
982,Aurore,Quilty,aquiltyr9@sciencedirect.com,Female,27.79.19.77
983,Westbrooke,Tinkham,wtinkhamra@dmoz.org,Male,168.199.156.136
984,Leone,Francie,lfrancierb@statcounter.com,Female,241.60.216.177
985,Jo-anne,Espinal,jespinalrc@accuweather.com,Female,86.56.151.243
986,Georgena,Featherstonhaugh,gfeatherstonhaughrd@usda.gov,Female,102.241.153.174
987,Carie,Spada,cspadare@dot.gov,Female,109.235.212.60
988,Eddy,McKendo,emckendorf@blog.com,Female,49.31.13.62
989,Ulrike,Browse,ubrowserg@etsy.com,Female,92.246.137.212
990,Garwin,Mateus,gmateusrh@usatoday.com,Male,248.62.19.56
991,Davis,McCorley,dmccorleyri@cdc.gov,Male,132.234.241.35
992,Erick,Jorio,ejoriorj@marriott.com,Male,101.109.169.38
993,Kit,Tebbutt,ktebbuttrk@163.com,Female,203.162.104.77
994,Wesley,Pingstone,wpingstonerl@hostgator.com,Male,197.245.239.22
995,Flossy,Sympson,fsympsonrm@diigo.com,Female,66.20.222.228
996,Minni,Whittenbury,mwhittenburyrn@chicagotribune.com,Female,142.110.191.198
997,Farris,Inglis,finglisro@google.fr,Male,5.38.15.254
998,Bordie,Ashbey,bashbeyrp@yandex.ru,Male,44.155.84.85
999,Wadsworth,Wightman,wwightmanrq@google.com,Male,131.236.38.41
1000,Lory,Lillico,llillicorr@xinhuanet.com,Polygender,253.59.38.86
